controller,episode,seed,steps,mean_reward,delay_proxy,throughput_proxy,fairness_jain,objective_mean_reward,objective_delay_proxy,objective_throughput_proxy,objective_fairness_jain,time_loss_s,person_time_loss_s,avg_trip_time_s,arrived_vehicles
mappo,0,17,12,-0.1259475619174294,0.1259475619174294,29.625948430904696,0.030478699926242237,-0.13307915845537754,0.13307915845537754,29.505948430904695,0.028732478511661396,1639.334598465297,2131.1349780048854,23.142857142857142,14
mappo,1,18,12,0.15156018149213654,-0.15156018149213654,30.70524416808421,0.20555736952430184,0.16829292526414896,-0.16829292526414896,30.84524416808421,0.21711240798303583,1341.8443924871667,1744.3977102333179,25.476190476190474,21
fixed_time,0,17,12,0.32736878116553464,-0.32736878116553464,56.013424984055405,0.29143604774117465,0.35811442793815895,-0.35811442793815895,56.28342498405541,0.29069865533195494,1255.8853579216395,1632.6509652981304,22.210526315789473,19
fixed_time,1,18,12,0.34694576518141035,-0.34694576518141035,53.36416869398034,0.387957236997316,0.3807590165615386,-0.3807590165615386,53.64416869398034,0.3900164188421638,1023.7466625532426,1330.870661319216,24.76,25
max_pressure,0,17,12,0.4892412577967425,-0.4892412577967425,70.45074112273092,0.5735428167236745,0.5328844024449313,-0.5328844024449313,70.34074112273092,0.5736757500881966,947.1105782564865,1231.2437517334315,23.153846153846153,26
max_pressure,1,18,12,0.39171948905544757,-0.39171948905544757,56.40760642398445,0.5665635012917717,0.42695156381806404,-0.42695156381806404,56.35760642398444,0.5687905065463811,1021.7306575595533,1328.2498548274195,21.956521739130434,23
