controller,episode,seed,steps,mean_reward,delay_proxy,throughput_proxy,fairness_jain,objective_mean_reward,objective_delay_proxy,objective_throughput_proxy,objective_fairness_jain,time_loss_s,person_time_loss_s,avg_trip_time_s,arrived_vehicles
mappo,0,17,24,0.11939683114324705,-0.11939683114324705,86.96824389115191,0.041768976761706135,0.12386336003353317,-0.12386336003353317,87.17824389115191,0.04127371925572918,2498.5572335177853,3248.124403573115,22.384615384615383,39
mappo,1,18,24,-0.08720228860122542,0.08720228860122542,37.02087892420398,0.039417233865880426,-0.08910963448243811,0.08910963448243811,37.05087892420398,0.038058035389397636,3005.5570505197097,3907.2241656756264,26.0,52
mappo,2,19,24,-0.05352778935895449,0.05352778935895449,63.34716286443075,0.005660690161803083,-0.05647102657745977,0.05647102657745977,63.38716286443075,0.0057731856167452635,2872.4966492067338,3734.245643968753,27.22222222222222,45
fixed_time,0,17,24,0.29892725182515956,-0.29892725182515956,97.43642584587614,0.32322836359268997,0.3130835091508911,-0.3130835091508911,97.39642584587615,0.3262005447224847,2244.6051352369236,2917.986675808001,24.31111111111111,45
fixed_time,1,18,24,0.2727713726541738,-0.2727713726541738,87.67786735170468,0.33439378370227313,0.2848846207405872,-0.2848846207405872,87.83786735170467,0.33452862957089896,2320.0401458763863,3016.0521896393043,26.045454545454547,44
fixed_time,2,19,24,0.22611546201185365,-0.22611546201185365,84.14397435080976,0.22327786477461303,0.2344610618094705,-0.2344610618094705,84.12397435080976,0.21953516522520466,2453.9902493906848,3190.187324207891,25.529411764705884,51
max_pressure,0,17,24,0.4481004914546623,-0.4481004914546623,129.05294153894275,0.6145700355401358,0.46776428093819844,-0.46776428093819844,129.10294153894273,0.6150182850904464,1783.4989599208543,2318.5486478971093,24.617021276595743,47
max_pressure,1,18,24,0.40835879739687014,-0.40835879739687014,117.60733365029861,0.615522961276495,0.42654831032716894,-0.42654831032716894,117.72733365029862,0.6156982652307225,1815.7472003188536,2360.4713604145068,23.17391304347826,46
max_pressure,2,19,24,0.4301770373540991,-0.4301770373540991,123.89098675798053,0.6289876237756973,0.4487716911521035,-0.4487716911521035,123.86098675798053,0.6295053673235731,1850.7770696555688,2406.0101905522406,24.54,50
