controller,episode,seed,steps,mean_reward,delay_proxy,throughput_proxy,fairness_jain,objective_mean_reward,objective_delay_proxy,objective_throughput_proxy,objective_fairness_jain,time_loss_s,person_time_loss_s,avg_trip_time_s,arrived_vehicles
mappo,0,17,58,0.17273301267376723,-0.17273301267376723,153.23275521026426,0.3236166003731406,0.17576341640488594,-0.17576341640488594,153.23275521026426,0.3236166003731406,5117.7367254446235,6653.057743078002,24.48181818181818,110
mappo,1,18,58,0.12022223305941128,-0.12022223305941128,183.70040919148565,0.053233230513874276,0.12233139504290973,-0.12233139504290973,183.70040919148565,0.053233230513874276,4812.056058570453,6255.672876141588,23.408,125
mappo,2,19,58,0.053126670007476146,-0.053126670007476146,134.55037900332997,0.01491893684375787,0.054058716849712564,-0.054058716849712564,134.55037900332997,0.01491893684375787,5470.424920267938,7111.552396348331,25.3125,112
fixed_time,0,17,58,0.23837653947277243,-0.23837653947277243,210.48599111815594,0.24791580328633447,0.24255858402492633,-0.24255858402492633,210.48599111815594,0.24791580328633447,5654.693365459436,7351.101375097249,26.85217391304348,115
fixed_time,1,18,58,0.11398515090933287,-0.11398515090933287,175.95027665386598,0.05464548502022824,0.11598489039897028,-0.11598489039897028,175.95027665386598,0.05464548502022824,7099.249384789853,9229.024200226819,29.931623931623932,117
fixed_time,2,19,58,0.18968093292422647,-0.18968093292422647,207.86542752563275,0.14002405705179075,0.19300866858956378,-0.19300866858956378,207.86542752563275,0.14002405705179075,5958.370518117515,7745.8816735527835,28.0078125,128
max_pressure,0,17,58,0.4295670900714441,-0.4295670900714441,298.9786946897251,0.6039096294522794,0.4371033548095396,-0.4371033548095396,298.9786946897251,0.6039096294522794,4080.038526254491,5304.050084130844,24.9672131147541,122
max_pressure,1,18,58,0.39614807756622894,-0.39614807756622894,275.71906198609537,0.6575673286346216,0.40309804383932063,-0.40309804383932063,275.71906198609537,0.6575673286346216,4390.89860096948,5708.168181260315,23.938053097345133,113
max_pressure,2,19,58,0.4105645995719028,-0.4105645995719028,285.75296130204435,0.6308122162883175,0.4177674872836905,-0.4177674872836905,285.75296130204435,0.6308122162883175,4327.087628372815,5625.213916884674,23.660714285714285,112
