episode,seed,scenario_id,mean_global_reward,steps,actor_loss,critic_loss,entropy
0,7,baseline,-0.005760416666666666,60,-0.004712197929620743,0.005401832517236471,2.077542304992676
