episode,seed,scenario_id,mean_global_reward,steps,actor_loss,critic_loss,entropy
0,7,baseline,-0.13346126667487304,24,0.05906957387924194,29.30745506286621,1.7898714542388916
1,8,baseline,-0.3112957725450796,24,0.07611766457557678,59.81795883178711,1.789103627204895
