controller,episode,seed,steps,mean_reward,delay_proxy,throughput_proxy,fairness_jain,time_loss_s,person_time_loss_s,avg_trip_time_s,arrived_vehicles
mappo,0,17,24,0.18615437205287724,-0.18615437205287724,77.7593506777381,0.17181038600378215,2170.4534324094307,2821.5894621322595,23.634615384615383,52
fixed_time,0,17,24,0.29892725182515956,-0.29892725182515956,97.43642584587614,0.32322836359268997,2244.6051352369236,2917.986675808001,24.31111111111111,45
max_pressure,0,17,24,0.4481004914546623,-0.4481004914546623,129.05294153894275,0.6145700355401358,1783.4989599208543,2318.5486478971093,24.617021276595743,47
