controller,episode,seed,steps,mean_reward,delay_proxy,throughput_proxy,fairness_jain
mappo,0,17,60,-0.008572916666666668,0.008572916666666668,0.0,0.40652098237864315
fixed_time,0,17,60,-0.01359375,0.01359375,5.204170427930421e-18,0.5343675164543872
max_pressure,0,17,60,-0.0003020833333333335,0.0003020833333333335,1.3877787807814457e-17,0.28722677595628415
