controller,episode,seed,steps,mean_reward,delay_proxy,throughput_proxy,fairness_jain,time_loss_s,person_time_loss_s,avg_trip_time_s,arrived_vehicles
mappo,0,17,24,-1.5943357111752816,1.5943357111752816,22.34371565169257,0.5251753314320313,7540.433523756637,9802.563580883612,17.235294117647058,17
fixed_time,0,17,24,0.30406347879970336,-0.30406347879970336,101.86382145239037,0.3047888400266769,2244.6051352369236,2917.986675808001,24.31111111111111,45
max_pressure,0,17,24,0.46579423468948417,-0.46579423468948417,134.14873959057144,0.6044597609191211,1783.4989599208543,2318.5486478971093,24.617021276595743,47
