controller,episode,seed,steps,mean_reward,delay_proxy,throughput_proxy,fairness_jain,time_loss_s,person_time_loss_s,avg_trip_time_s,arrived_vehicles
mappo,0,17,12,-0.05298411622644697,0.05298411622644697,20.35406406051023,0.009842897977166361,219.71585233447564,285.6306080348184,0.0,0
fixed_time,0,17,12,0.14561713199217616,-0.14561713199217616,20.988098048538916,0.6563701945671131,175.39778276245764,228.01711759119476,0.0,0
max_pressure,0,17,12,0.16815046065316372,-0.16815046065316372,24.21366633405557,0.6899600475150757,162.02550843358367,210.63316096365858,0.0,0
