controller,episode,seed,steps,mean_reward,delay_proxy,throughput_proxy,fairness_jain,time_loss_s,person_time_loss_s,avg_trip_time_s,arrived_vehicles
mappo,0,17,24,-0.2517361111111111,0.2517361111111111,0.0,0.5255246878475835,7540.433523756637,9802.563580883612,17.235294117647058,17
fixed_time,0,17,24,-0.002326388888888889,0.002326388888888889,0.0,0.21966138187512235,2244.6051352369236,2917.986675808001,24.31111111111111,45
max_pressure,0,17,24,-0.0011111111111111107,0.0011111111111111107,0.0,0.4353741496598637,1783.4989599208543,2318.5486478971093,24.617021276595743,47
