episode,seed,scenario_id,mean_global_reward,steps,actor_loss,critic_loss,entropy,gate_fraction
0,7,speed_test_4w,-0.8857519774379928,60,-0.06522849947214127,254.9153289794922,0.14044776558876038,0.020833333333333332
1,8,speed_test_4w,-0.7154406447017791,60,-0.06522849947214127,254.9153289794922,0.14044776558876038,0.022222222222222223
2,9,speed_test_4w,-0.7503405358167559,60,-0.06522849947214127,254.9153289794922,0.14044776558876038,0.027777777777777776
3,10,speed_test_4w,-0.8388288623744554,60,-0.06522849947214127,254.9153289794922,0.14044776558876038,0.02361111111111111
