episode,seed,scenario_id,mean_global_reward,steps,actor_loss,critic_loss,entropy,gate_fraction
0,7,speed_test_1w,-0.883673661378786,60,0.06619179993867874,444.7969970703125,0.1200219914317131,0.019444444444444445
1,8,speed_test_1w,-0.8366696329184812,60,-0.022612247616052628,339.88018798828125,0.17216670513153076,0.02638888888888889
2,9,speed_test_1w,-0.8367039682665485,60,-0.14961034059524536,298.08599853515625,0.11877351254224777,0.015277777777777777
3,10,speed_test_1w,-0.8790815858510004,60,-0.05514152720570564,305.9571838378906,0.1438867300748825,0.019444444444444445
