controller,episode,seed,steps,time_loss_s,person_time_loss_s,avg_trip_time_s,arrived_vehicles,vehicle_delay_jain
nema,0,2000,180,280034.1427492541,455052.21587223577,77.08510638297872,752,0.3089251707692883
nema,1,2001,180,283576.24747233035,459147.36477199575,72.75384615384615,780,0.309876047057124
nema,2,2002,180,287698.47206184943,447201.0240726134,78.9398773006135,815,0.3535375528303425
nema,3,2003,180,288636.83955396374,455308.42204369296,74.45085190039319,763,0.35377974069448587
nema,4,2004,180,288745.1203913986,474735.1548049853,76.24871794871795,780,0.3687103353475989
