controller,episode,seed,steps,time_loss_s,person_time_loss_s,avg_trip_time_s,arrived_vehicles,vehicle_delay_jain
nema,0,2000,180,224295.61052176912,428177.4704796362,68.03907380607815,691,0.273222760954625
nema,1,2001,180,222289.60911449007,440792.5822406498,71.34468085106383,705,0.28117865167095135
nema,2,2002,180,222027.0597932005,439999.8457793968,73.3721590909091,704,0.30669098408287654
nema,3,2003,180,224344.94141611457,432935.60435148777,67.6994459833795,722,0.3263768886889611
nema,4,2004,180,223065.81064731147,425975.53493981087,71.12125340599455,734,0.28567632500281803
