controller,episode,seed,steps,time_loss_s,person_time_loss_s,avg_trip_time_s,arrived_vehicles,vehicle_delay_jain
nema,0,2000,180,311696.6527119577,480354.8537321037,79.71748251748252,715,0.3438569450391441
nema,1,2001,180,307326.30010370264,499774.4121151104,81.31968295904888,757,0.33043195239610945
nema,2,2002,180,305581.87155887927,486538.32175362064,79.22164276401564,767,0.3636775336686001
nema,3,2003,180,311733.7771222381,493071.4938882257,81.56742323097463,749,0.34173199899321227
nema,4,2004,180,306479.195620371,482644.64785881294,77.22145804676754,727,0.34171829073324195
