controller,episode,seed,steps,time_loss_s,person_time_loss_s,avg_trip_time_s,arrived_vehicles,vehicle_delay_jain
nema,0,1000,180,278250.93532117293,509838.9230072411,84.6040061633282,649,0.35205390033586353
nema,1,1001,180,290007.9333494026,556583.1151041859,81.38421955403088,583,0.29412580649937414
nema,2,1002,180,276973.47423845617,504903.7549462491,74.3409090909091,660,0.30764447764290487
nema,3,1003,180,281020.7310495195,478382.17031872715,80.06260032102729,623,0.310893539672305
nema,4,1004,180,285574.25863367144,491134.31078109774,72.61818181818182,605,0.3481285068517302
