controller,episode,seed,steps,time_loss_s,person_time_loss_s,avg_trip_time_s,arrived_vehicles,vehicle_delay_jain
nema,0,2000,180,282702.5966464162,476225.50137389236,86.77046783625731,684,0.3318597824952527
nema,1,2001,180,281532.95694136,483142.31326450437,85.92138364779875,636,0.31828141921997216
nema,2,2002,180,277746.7858537,519552.79303760204,82.03622047244095,635,0.2791336297399121
nema,3,2003,180,280067.3520834033,520818.5109365289,85.49197080291971,685,0.3073384525444365
nema,4,2004,180,276699.2727721937,501926.1299067124,80.04754829123328,673,0.30427631826356766
