controller,episode,seed,steps,time_loss_s,person_time_loss_s,avg_trip_time_s,arrived_vehicles,vehicle_delay_jain
nema,0,1000,180,313704.74951785186,505099.0550974727,81.95371669004207,713,0.3342649383746069
nema,1,1001,180,300803.0920105329,490297.7847614274,76.7888198757764,805,0.3902851627663083
nema,2,1002,180,308119.0284820371,479080.714748414,81.57634112792297,727,0.346657005663202
nema,3,1003,180,306383.7227330348,483960.62129916466,78.93693693693693,777,0.3831492694583072
nema,4,1004,180,309763.9824451172,493980.15081776486,83.62395543175488,718,0.34370620338943025
