controller,episode,seed,steps,time_loss_s,person_time_loss_s,avg_trip_time_s,arrived_vehicles,vehicle_delay_jain
nema,0,1000,180,225539.28038620876,424545.486449926,69.50789096126256,697,0.2840916523283308
nema,1,1001,180,226884.70255751352,428465.918149726,64.52740740740741,675,0.3071355279503625
nema,2,1002,180,221179.52036452014,450778.0336517082,68.8543956043956,728,0.261745305388838
nema,3,1003,180,229025.42336407187,460970.6079444621,72.00435413642961,689,0.24758819118950712
nema,4,1004,180,229665.04046824007,434898.2543970811,70.07471264367815,696,0.30059757841963225
