controller,episode,seed,steps,time_loss_s,person_time_loss_s,avg_trip_time_s,arrived_vehicles,vehicle_delay_jain
nema,0,1000,180,282678.3485147861,447740.56838743197,76.28380187416332,747,0.34599820399526493
nema,1,1001,180,286674.11392980407,444565.05103596015,71.91701244813278,723,0.39988576210431187
nema,2,1002,180,287703.4708584206,467948.45306803135,81.5201958384333,817,0.33811429971482315
nema,3,1003,180,289309.3449129465,457903.6189492379,77.9284750337382,741,0.32801993413990344
nema,4,1004,180,286984.0153686244,448586.39164802677,80.34530386740332,724,0.32581471372375287
